id,first_name,last_name,email,gender,ip_address,city,avatar,car
1,Amalle,Ohm,aohm0@icq.com,Female,67.247.74.198,Mazatenango,https://robohash.org/utquidolores.png?size=50x50&set=set1,Ford
2,Donal,Perrelli,dperrelli1@bandcamp.com,Male,81.49.78.27,Mopipi,https://robohash.org/assumendaetdolore.png?size=50x50&set=set1,Mercedes-Benz
3,Roberto,Garratty,rgarratty2@deviantart.com,Male,114.152.4.108,Morondava,https://robohash.org/nonsitet.png?size=50x50&set=set1,Mitsubishi
4,Raquela,Bigglestone,rbigglestone3@hostgator.com,Female,176.134.112.76,Itsandra,https://robohash.org/animideseruntaut.png?size=50x50&set=set1,Ford
5,Carmon,Torbet,ctorbet4@stumbleupon.com,Female,221.144.19.14,Canta,https://robohash.org/odiobeataeid.png?size=50x50&set=set1,Ford
6,Vanessa,Faulkner,vfaulkner5@altervista.org,Female,209.48.114.45,Janakpur,https://robohash.org/sapienteeoset.png?size=50x50&set=set1,Mercedes-Benz
7,Catherin,von Nassau,cvonnassau6@deliciousdays.com,Agender,180.99.180.54,Bradashesh,https://robohash.org/ipsamdoloresdeserunt.png?size=50x50&set=set1,Mazda
8,Tim,Eadmeades,teadmeades7@sciencedaily.com,Male,163.35.140.65,Mora,https://robohash.org/oditnamtemporibus.png?size=50x50&set=set1,Jaguar
9,Junia,Pitcher,jpitcher8@imdb.com,Female,240.168.120.156,Maia,https://robohash.org/etconsequaturprovident.png?size=50x50&set=set1,Pontiac
10,Tiphani,Worviell,tworviell9@whitehouse.gov,Female,182.66.164.61,Novi Sad,https://robohash.org/deseruntearumsed.png?size=50x50&set=set1,Dodge
11,Agretha,Fennelly,afennellya@eepurl.com,Non-binary,159.185.81.164,Bazzāryah,https://robohash.org/rationeculpaqui.png?size=50x50&set=set1,Ford
12,Antonino,Cattlow,acattlowb@ehow.com,Male,193.202.220.90,Lianghe,https://robohash.org/aliquamnesciuntrepellendus.png?size=50x50&set=set1,Land Rover
13,Michail,Forsdyke,mforsdykec@digg.com,Male,145.47.245.143,Shubenka,https://robohash.org/eumenimet.png?size=50x50&set=set1,Ford
14,Car,Havik,chavikd@oracle.com,Male,84.158.227.12,Salam,https://robohash.org/quamomniseius.png?size=50x50&set=set1,Nissan
15,Violetta,Dowe,vdowee@pbs.org,Female,210.132.77.43,Princeville,https://robohash.org/eosautqui.png?size=50x50&set=set1,Cadillac
16,Marci,Godbehere,mgodbeheref@apache.org,Female,106.162.158.193,La Sarre,https://robohash.org/voluptatemideaque.png?size=50x50&set=set1,Mazda
17,Larissa,Money,lmoneyg@sbwire.com,Female,167.39.150.198,Mahajanga,https://robohash.org/velitquiest.png?size=50x50&set=set1,Saab
18,Charlene,Kippling,ckipplingh@angelfire.com,Female,26.20.250.246,San Andres,https://robohash.org/aliquidrationequisquam.png?size=50x50&set=set1,Audi
19,Weston,Surmeir,wsurmeiri@businessweek.com,Male,251.68.7.44,Mayrtup,https://robohash.org/quidemaliquameveniet.png?size=50x50&set=set1,Cadillac
20,Gherardo,Yanson,gyansonj@whitehouse.gov,Male,209.119.76.58,Alexandria,https://robohash.org/temporibusaccusantiumconsequuntur.png?size=50x50&set=set1,Volkswagen
21,Jobye,Bawcock,jbawcockk@chronoengine.com,Female,18.82.140.121,Norfolk County,https://robohash.org/voluptasrepudiandaeest.png?size=50x50&set=set1,Mitsubishi
22,Becka,Claughton,bclaughtonl@psu.edu,Female,224.103.9.252,Byerazino,https://robohash.org/temporaodiomodi.png?size=50x50&set=set1,Ford
23,Bartie,Torry,btorrym@canalblog.com,Male,189.1.58.173,Chatian,https://robohash.org/dolorquorerum.png?size=50x50&set=set1,Saab
24,Erina,Tomalin,etomalinn@army.mil,Female,19.228.223.149,Victoria,https://robohash.org/aliasporrofugit.png?size=50x50&set=set1,Audi
25,Vanni,Capstaff,vcapstaffo@scientificamerican.com,Female,3.216.222.134,Tanashichō,https://robohash.org/expeditavoluptatumreiciendis.png?size=50x50&set=set1,Ford
26,Garrot,Wildsmith,gwildsmithp@miitbeian.gov.cn,Male,95.69.215.181,Yaojiagou,https://robohash.org/undealiasqui.png?size=50x50&set=set1,Dodge
27,Anatole,Busson,abussonq@businesswire.com,Male,110.190.228.65,Narol,https://robohash.org/adipiscinoncorrupti.png?size=50x50&set=set1,Subaru
28,Ramsay,Manske,rmansker@diigo.com,Male,219.33.198.239,Gävle,https://robohash.org/placeatquiaea.png?size=50x50&set=set1,Bentley
29,Guido,Jehan,gjehans@hc360.com,Non-binary,106.17.72.131,Torez,https://robohash.org/quieospossimus.png?size=50x50&set=set1,Acura
30,Adriana,Ismay,aismayt@deviantart.com,Female,197.109.200.110,Yablochnyy,https://robohash.org/asperioresipsavoluptates.png?size=50x50&set=set1,Pontiac
31,Bart,Burndred,bburndredu@ucsd.edu,Male,73.222.204.134,La Cruz,https://robohash.org/mollitiaevenietfugiat.png?size=50x50&set=set1,Mitsubishi
32,Udale,Weald,uwealdv@mozilla.com,Male,251.99.4.52,Tapera,https://robohash.org/praesentiumdeseruntrerum.png?size=50x50&set=set1,Nissan
33,Wye,Kirsch,wkirschw@fastcompany.com,Male,23.34.166.78,Damao,https://robohash.org/consequaturilloautem.png?size=50x50&set=set1,Lincoln
34,Andria,Shemwell,ashemwellx@shinystat.com,Female,145.58.71.63,Dallas,https://robohash.org/quisquamnihildelectus.png?size=50x50&set=set1,Toyota
35,Bernadine,Skea,bskeay@princeton.edu,Female,254.244.96.96,Anlu,https://robohash.org/iustoprovidentet.png?size=50x50&set=set1,Chevrolet
36,Alard,Boynton,aboyntonz@sciencedirect.com,Polygender,155.52.87.254,Villa Ocampo,https://robohash.org/incommodiculpa.png?size=50x50&set=set1,Pontiac
37,Chanda,Bridge,cbridge10@google.com.au,Female,251.22.248.148,Cabatuan,https://robohash.org/iustoquisminus.png?size=50x50&set=set1,Chevrolet
38,Michelle,Byfield,mbyfield11@flickr.com,Female,20.108.23.158,Gorey,https://robohash.org/autcorporisvelit.png?size=50x50&set=set1,Lincoln
39,Carny,Hancell,chancell12@squidoo.com,Male,234.241.29.212,Bangil,https://robohash.org/modietest.png?size=50x50&set=set1,BMW
40,Krystal,Patriskson,kpatriskson13@jimdo.com,Female,180.69.107.217,Kalembutillu,https://robohash.org/fugiatquisdolores.png?size=50x50&set=set1,Kia
41,Tamra,Bussy,tbussy14@globo.com,Female,198.232.44.83,Daming,https://robohash.org/consecteturimpeditaut.png?size=50x50&set=set1,Saturn
42,Saunder,Tampin,stampin15@jalbum.net,Male,108.96.212.203,Melissochóri,https://robohash.org/perferendisvoluptatemexpedita.png?size=50x50&set=set1,Ford
43,Artemas,Morrel,amorrel16@last.fm,Male,116.55.243.144,Míthymna,https://robohash.org/voluptatemsitmagni.png?size=50x50&set=set1,Buick
44,Julius,Coronas,jcoronas17@freewebs.com,Male,27.213.247.241,Kafr Şūr,https://robohash.org/suscipitiureexercitationem.png?size=50x50&set=set1,Ford
45,Ax,MacKee,amackee18@toplist.cz,Male,212.34.87.7,San Isidro,https://robohash.org/velpossimusvoluptas.png?size=50x50&set=set1,GMC
46,Stearne,Benaine,sbenaine19@si.edu,Male,99.63.130.133,Akureyri,https://robohash.org/autsintporro.png?size=50x50&set=set1,Mitsubishi
47,Nels,Kelston,nkelston1a@wsj.com,Male,50.214.212.77,Mosoc Llacta,https://robohash.org/utquoratione.png?size=50x50&set=set1,Buick
48,Langsdon,Bartlett,lbartlett1b@networkadvertising.org,Non-binary,50.148.50.12,Sāqayn,https://robohash.org/officiadistinctiosaepe.png?size=50x50&set=set1,Hummer
49,Jeniece,Tinston,jtinston1c@army.mil,Female,130.188.130.210,San Antonio,https://robohash.org/necessitatibussitest.png?size=50x50&set=set1,Chevrolet
50,Marion,Crielly,mcrielly1d@bluehost.com,Bigender,80.12.155.135,Kolkhozobod,https://robohash.org/suscipitatfuga.png?size=50x50&set=set1,Pontiac
51,Nessi,Middle,nmiddle1e@thetimes.co.uk,Female,10.76.131.34,Wattegama,https://robohash.org/sequivelet.png?size=50x50&set=set1,Mitsubishi
52,Morgen,Frye,mfrye1f@gov.uk,Polygender,132.52.95.107,Hagondange,https://robohash.org/doloreeumdicta.png?size=50x50&set=set1,Porsche
53,Mord,Lghan,mlghan1g@imdb.com,Male,231.71.70.142,Karangbadar Kidul,https://robohash.org/fugainventoreipsam.png?size=50x50&set=set1,Lexus
54,Odessa,Rustadge,orustadge1h@reverbnation.com,Female,191.67.231.226,Yershov,https://robohash.org/sitlaboriosamnemo.png?size=50x50&set=set1,Pontiac
55,Veradis,Hesse,vhesse1i@indiegogo.com,Female,42.7.200.228,Kyzyl-Kyya,https://robohash.org/reiciendiscupiditateab.png?size=50x50&set=set1,Lincoln
56,Marjy,Bathow,mbathow1j@nydailynews.com,Female,41.211.110.86,San Cristóbal Totonicapán,https://robohash.org/minusdoloremexpedita.png?size=50x50&set=set1,Mercury
57,Harlan,Semper,hsemper1k@narod.ru,Bigender,252.213.26.42,Starodub,https://robohash.org/quaerateumut.png?size=50x50&set=set1,Chevrolet
58,Wyatan,Daldan,wdaldan1l@studiopress.com,Male,106.111.188.59,Piraí do Sul,https://robohash.org/eaquecommodilibero.png?size=50x50&set=set1,Cadillac
59,Domenico,Burbury,dburbury1m@w3.org,Male,235.120.80.108,Wushi,https://robohash.org/estnullaquibusdam.png?size=50x50&set=set1,Subaru
60,Leonid,Don,ldon1n@odnoklassniki.ru,Male,242.21.213.67,Eksjö,https://robohash.org/nemoetet.png?size=50x50&set=set1,Oldsmobile
61,Mariann,Bartosiak,mbartosiak1o@eepurl.com,Female,81.60.9.125,Wilkowice,https://robohash.org/atautemarchitecto.png?size=50x50&set=set1,Mercury
62,Florian,Payley,fpayley1p@wix.com,Male,7.148.254.37,Alegria,https://robohash.org/cumquieligendi.png?size=50x50&set=set1,Chevrolet
63,Dyan,Woolsey,dwoolsey1q@dmoz.org,Bigender,48.196.178.161,Yunga,https://robohash.org/solutaquamquidem.png?size=50x50&set=set1,Ford
64,Lowrance,Vernon,lvernon1r@utexas.edu,Male,178.126.90.16,Guli,https://robohash.org/voluptatibusacorporis.png?size=50x50&set=set1,Hummer
65,Nell,Turneux,nturneux1s@earthlink.net,Female,159.197.147.177,Jilib,https://robohash.org/magnamharumdolor.png?size=50x50&set=set1,Chrysler
66,Karney,Jennings,kjennings1t@nifty.com,Male,8.135.30.211,Cariamanga,https://robohash.org/errorverotemporibus.png?size=50x50&set=set1,Pontiac
67,Carlie,Pentelow,cpentelow1u@umn.edu,Female,145.251.29.99,Marisol,https://robohash.org/nammaximeea.png?size=50x50&set=set1,Mercedes-Benz
68,Mandel,Feeny,mfeeny1v@wired.com,Male,251.80.126.212,Mattaldi,https://robohash.org/undecorporisnemo.png?size=50x50&set=set1,Chrysler
69,Leigh,Eidler,leidler1w@reverbnation.com,Male,79.20.39.226,Shangjie,https://robohash.org/quianihil.png?size=50x50&set=set1,Mercury
70,Phillipe,Falvey,pfalvey1x@sohu.com,Male,185.92.199.250,Kubangsari,https://robohash.org/voluptateevenietvitae.png?size=50x50&set=set1,Toyota
71,Shae,Wittier,swittier1y@usda.gov,Female,66.236.209.215,Vanadzor,https://robohash.org/explicabonullaasperiores.png?size=50x50&set=set1,Pontiac
72,Alice,Verick,averick1z@uol.com.br,Female,207.106.245.198,Valencia,https://robohash.org/culpasaepequia.png?size=50x50&set=set1,Toyota
73,Tess,Massel,tmassel20@nytimes.com,Female,108.147.161.101,Pagersari,https://robohash.org/autemaccusamussunt.png?size=50x50&set=set1,Oldsmobile
74,Rudiger,Semour,rsemour21@cargocollective.com,Male,153.76.196.111,Marseille,https://robohash.org/corruptiautincidunt.png?size=50x50&set=set1,Dodge
75,Lorri,MacRannell,lmacrannell22@creativecommons.org,Female,222.237.226.154,Dan Makham Tia,https://robohash.org/temporibuscorporismaxime.png?size=50x50&set=set1,Mitsubishi
76,Rustie,Kettridge,rkettridge23@google.fr,Male,44.70.149.35,Nanyanchuan,https://robohash.org/porroveniamlaboriosam.png?size=50x50&set=set1,GMC
77,Peadar,Mulliss,pmulliss24@usda.gov,Male,206.152.244.88,Den Chai,https://robohash.org/dignissimosipsamvoluptatem.png?size=50x50&set=set1,Cadillac
78,Mitchel,Gilvear,mgilvear25@smugmug.com,Male,182.159.30.101,Thionville,https://robohash.org/doloresoccaecatisoluta.png?size=50x50&set=set1,Saturn
79,Alisander,Benard,abenard26@sohu.com,Male,91.164.132.195,Badung,https://robohash.org/errorarchitectosint.png?size=50x50&set=set1,Toyota
80,Angelika,Deetlof,adeetlof27@mit.edu,Female,165.248.234.59,Kidričevo,https://robohash.org/sintadipisciquaerat.png?size=50x50&set=set1,Mitsubishi
81,Tracie,Mollindinia,tmollindinia28@theguardian.com,Bigender,214.241.217.47,Seka,https://robohash.org/autnonsunt.png?size=50x50&set=set1,Buick
82,Maureene,Capron,mcapron29@imdb.com,Bigender,34.124.57.248,Hedi,https://robohash.org/estnisiexercitationem.png?size=50x50&set=set1,Ford
83,Marj,McAnulty,mmcanulty2a@reference.com,Female,232.151.243.39,Houston,https://robohash.org/sintetodit.png?size=50x50&set=set1,Pontiac
84,Elsi,Liven,eliven2b@forbes.com,Female,198.65.23.114,Yuncheng,https://robohash.org/veritatisutneque.png?size=50x50&set=set1,Buick
85,Harli,Johantges,hjohantges2c@marketwatch.com,Polygender,226.239.213.214,Sukorambi,https://robohash.org/reprehenderitiureet.png?size=50x50&set=set1,Toyota
86,Nealon,Putten,nputten2d@biglobe.ne.jp,Male,142.3.41.184,Taloko,https://robohash.org/quianostrumveniam.png?size=50x50&set=set1,Ford
87,Dylan,Teek,dteek2e@comcast.net,Male,21.203.117.236,Bang Klam,https://robohash.org/enimrecusandaeincidunt.png?size=50x50&set=set1,Toyota
88,Kary,Iacovazzi,kiacovazzi2f@hc360.com,Female,218.56.213.95,Monaragala,https://robohash.org/doloribuspraesentiumnecessitatibus.png?size=50x50&set=set1,Land Rover
89,Lauri,Wakeley,lwakeley2g@goo.ne.jp,Genderqueer,232.184.68.12,Xianyi,https://robohash.org/nesciuntaddelectus.png?size=50x50&set=set1,Honda
90,Gloriana,Snawdon,gsnawdon2h@dion.ne.jp,Female,245.88.239.192,Kréstena,https://robohash.org/quisculpatotam.png?size=50x50&set=set1,Chevrolet
91,Allyce,Liebrecht,aliebrecht2i@phoca.cz,Female,216.213.183.14,Jahrom,https://robohash.org/doloremqueinventorequisquam.png?size=50x50&set=set1,Toyota
92,Gris,Mowne,gmowne2j@google.com.hk,Male,243.46.170.13,Vegreville,https://robohash.org/estisteharum.png?size=50x50&set=set1,Aptera
93,Lynn,Greene,lgreene2k@opera.com,Female,229.230.99.52,Himi,https://robohash.org/quibeataequod.png?size=50x50&set=set1,Cadillac
94,Jodie,O'Donnelly,jodonnelly2l@theguardian.com,Female,100.75.48.91,Uyo,https://robohash.org/quiseiusdicta.png?size=50x50&set=set1,Saab
95,Rania,Goodyer,rgoodyer2m@amazon.com,Female,10.161.37.167,Samanggen,https://robohash.org/etsitquam.png?size=50x50&set=set1,Hyundai
96,Willdon,Rydzynski,wrydzynski2n@admin.ch,Male,112.238.55.132,Khao Kho,https://robohash.org/perspiciatiseligendirerum.png?size=50x50&set=set1,Ford
97,Raul,Carpe,rcarpe2o@addthis.com,Male,20.27.240.250,Kassándreia,https://robohash.org/recusandaeliberovoluptas.png?size=50x50&set=set1,Mazda
98,Heida,Mc Ilwrick,hmcilwrick2p@hao123.com,Female,43.151.28.44,Gaoling,https://robohash.org/veniameumquia.png?size=50x50&set=set1,Dodge
99,Daffie,Spillard,dspillard2q@bloglines.com,Female,131.100.58.107,Daluo,https://robohash.org/beataereprehenderitperspiciatis.png?size=50x50&set=set1,Saab
100,Sinclare,O'Donoghue,sodonoghue2r@storify.com,Male,113.232.113.43,Ciudad Nueva,https://robohash.org/omnisinnam.png?size=50x50&set=set1,Pontiac
